,,,HSN Code,Product Name,Cost,P Units,S Units,Stock,Stock Amt.,notifications
,,,N1001,Smart Watch,980,40,37,3,2940,📞 Smart Watch Needs To Re-Order ! PH. 9812xxxxxx
,,,N1002,Laptop HP xyz i5,34500,30,27,3,103500,📞 Laptop HP xyz i5 Needs To Re-Order ! PH. 9812xxxxxx
,,,N1003,Wireless Printer,4600,40,5,35,161000
,,,N1004,Desktop,21000,100,65,35,735000
, ,,N1005,Mouse,200,20,0,20,4000
,,,N1006,Rgb Keyboard,340,50,37,13,4420
,,,N1007,Camera,52000,22,8,14,728000
,,,N1008,Headphones,799,55,42,13,10387
,,,N1009,Speakers,670,55,52,3,2010,📞 Speakers Needs To Re-Order ! PH. 9814xxxxxx
,,,N1010,Tablets,23500,40,37,3,70500,📞 Tablets Needs To Re-Order ! PH. 9814xxxxxx
,,,,,,0,0,0
,,,,,,0,0,0
,,,,,,0,0,0
